userName,userID
395137825 , vasyanpupkinuserName,userID
Cpt_Spi4ka , 125281930userName,userID
Cpt_Spi4ka , 125281930userName,userID
Cpt_Spi4ka , 125281930userName,userID
Cpt_Spi4ka , 125281930userName,userID
Cpt_Spi4ka , 125281930userName,userID
Cpt_Spi4ka , 125281930userName,userID
vasyanpupkin , 395137825userName,userID
Cpt_Spi4ka , 125281930userName,userID
null , -1001918439759userName,userID
Dmitriy_9 , 243221630userName,userID
Dmitriy_9 , 243221630userName,userID
Cpt_Spi4ka , 125281930userName,userID
Cpt_Spi4ka , 125281930userName,userID
Cpt_Spi4ka , 125281930userName,userID
Dmitriy_9 , 243221630userName,userID
Cpt_Spi4ka , 125281930userName,userID
Cpt_Spi4ka , 125281930userName,userID
null , -1001918439759userName,userID
null , -1001918439759userName,userID
Cpt_Spi4ka , 125281930userName,userID
Cpt_Spi4ka , 125281930 
 userName,userID
null , -1001918439759 
 userName,userID
null , -1001918439759 
 userName,userID
null , -1001918439759 
 userName,userID
Cpt_Spi4ka , 125281930 
 userName,userID
null , -1001918439759 
 userName,userID
null , -1001918439759 
 userName,userID
Cpt_Spi4ka , 125281930 
 userName,userID
null , -1001918439759 
 userName,userID
Cpt_Spi4ka , 125281930 
 userName,userID
null , -1001918439759 
 userName,userID
Cpt_Spi4ka , 125281930 
 userName,userID
null , -1001918439759 
 userName,userID
Cpt_Spi4ka , 125281930 
 userName,userID
null , -1001918439759 
 userName,userID
null , -1001918439759 
 userName,userID
vasyanpupkin , 395137825 
 userName,userID
vasyanpupkin , 395137825 
 userName,userID
null , -1001918439759 
 userName,userID
null , -1001918439759 
 userName,userID
Dmitriy_9 , 243221630 
 userName,userID
vasyanpupkin , 395137825 
 userName,userID
null , -1001918439759 
 